,BC_6MONTH,BC_1YEAR,BC_2YEAR,BC_3YEAR,BC_5YEAR,BC_7YEAR,BC_10YEAR,BC_20YEAR,BC_30YEAR
yield volatility%,0.19326891585956485,0.21240218854917275,0.2660885459509688,0.3127651075196533,0.38652251764728485,0.4376653052887691,0.466398348104685,0.533334039747356,0.5793602514841473
